,,
No,Nama Pengguna ,Comment
1,@danofficial2452,Ngos ngosanğŸ˜‚ğŸ˜‚ğŸ˜‚
2,@indriSaman,"ronde 1: jefri
ronde 2: draw
ronde 3: el
ronde 4: el"
3,@smsun1030,Pantesan artur beterbiev di juluki monsterğŸ˜‚â¤
4,@user-cv7qm7ld8m,Lawan rodtang aja biar seru wkwkwk
5,@user-xc9xj4ki2y,Ko bisa el menang ğŸ˜…ğŸ˜…
6,@mtaqiyuddin4910,Hahah penilain konyol
7,@semutireng8332,"Jefri power dan pukulan good tapi jarang in dan buang2 tenaga
El teknik pukulan masih gaya tarung bebas dan kurang power tapi sering hit masuk dan kebantj badannya yg gede
Harus diperbaiki teknik pukulannya, kalau tekniknya baik yakin sih jefri bisa di TKO el... Gimanaoun dalam bela diri postur berat pengaruhnya gede
Btw si jefri biar intropeksi jangan kebanyakan gaya sok nantangin orang2 gk terlatih giliran ketemu lawannya mewek dipojokan ini baru el si anak mama
Bayangin musuhnya rendy panggalila atau level atlit beneran macam crisjohn dkk jadi ayam geprek si nicole"
8,@user-xo4rb2lh6x,Kocak ğŸ˜…ğŸ˜…ğŸ˜…ğŸ˜…
9,@bayuanggara7213,"Sebenarnya Jefri Bagus Powernya Dan Staminanya Lebih Tahan, Hanya Terlihat Ada Sedikit Keraguan,. El Rumi Bagus Jga Hanya Cepat Lowbat ğŸ˜… Tpi Tepatnya Kuat Dan Pandai Mengimbangi Bertahan Sambil Mengisi Stamina. Menurutku Bagitu Sih. Tpi 22 Nya Baik."
10,@ardiansyah-3268,Babak terakhir sama2 letoy seharusnya draw
11,@aboy937,Tambah 1 ronde... Auto Pingsan dua duanyağŸ˜‚ğŸ˜‚ğŸ˜‚ğŸ˜‚
12,@tonyliong9518,Andaikan kalian berdua lawan Floyd Mayweather apa yang terjadi
13,@user-bo2oc7wc9o,Adu tinju pake pelindung kepalağŸ˜‚ lebih asik by one di lapangan belakang sekolah... BebasğŸ˜‚
14,@ipromotion1686,"Kl mau jujur kemenangan harusnya Jefry. Penilaian tinju bukan berdasarkan pukulan masuk, tapi ronde.
Kl lawan jatuh, otomatis poin 10:8 buat yg Mukul. Kl tdk Ada jatuh 9:8. 
Setidaknya Ada 2 ronde dimenangkan Jefry, 1 ronde draw, 1 ronde dimenangkan el rumi. Otomatis poin   35:34 untuk kemenangan Jefry."
15,@aliali-dz2cy,"Gak spotif ni wasitnya, sekalipun El Rumi menang, seharusnya Poinnya gak selisi 2, 

Mnurut gw, hanya hakim 1 yg memberikan penilaian yg sportif"
16,@umaralpharidi5030,"Jadwalkan Juga sparing artis Wanita ... 
Nikita Mirzani Vs Dewi persik .."
17,@subscribebos,"Strategi el rumi bagus, simpen tenaga di akhir ronde, nichole tabrakk terusss , yg akhirnya habis tenaga di akhir ronde, babak 3 dan 4 banyak yg ngelose punch nya ğŸ‰ğŸ‰ğŸ‰"
18,@bilabongbungas2035,Wow ptarungann yg luar biasa
19,@bilabongbungas2035,Spertinyaa el cerdas memakai tekhnik
20,@user-bl9ig2rn5k,Acara bagus ini...terbaru bikin musim nichğŸ˜Š
21,@kalibatamantab8092,"Jepri berantem elah, doi mah cuma bisa skidipapap sama bokisin cabe cabean !!"
22,@channelcampur202,"Baru komen,,,
untung pake pelindung kepala,coba klo ga,JN bisa ngeTKO El...
menurutQ sih"
23,@jhokowayfake,Dua duanya pake jurus mabuk?
24,@user-ds3yd2dw9d,Saran saya.... Para artis ini klo mau tunjukin kekuatan nya.. ikuti aja pencak dor. Lebih keliatan skilnya
25,@Moh.faizal,Ronde 4 jefri nocole babak belur dihajar
26,@ihsannusantara,Kemenanga halu..saya ikutin semua ronde tak satu rondepun dimenangkan oleh El Rumi..
27,@avengersassemble462,KkajeğŸ—¿ğŸ—¿
28,@sampurna26purna-sl3ks,"Jeffri seharusnya menang, banyak anggota dari El jadi disuap"
29,@savanian,Lucu lucuan anak gedongan....
30,@isarmadina5142,nampak sekali kecurangan xa tahii
31,@victorandodachi5918,"Namanya jg indonesia, pdhl yg banyak pukulan itu jefri ke el. Sabar ya jefri. 
Hi kenalin dong sy victorando sy ingin melawan el itu. Blh dong ekspose sy kesana. Bantu ya yg bisa dukung sy."
32,@tonymlong1081,"ego yang tinggi ternyata akan terjerumus kekalahan,resiko jefri sebenernyA udh bisa ko tetapi elrumi udh terllu lelah ketika jefri goyang dn menunuduk di menit terakhir kalo el rumi bisa memanfaatkan moment itu,,,ko sudah"
33,@saldydopa1353,"Bener sih yang menang El soalnya power Jefri udah allin diawal ,rounde 3-4 El banyak masuk point' dironde 2 itungangan imbang rounde 1 Jefri bagus tapi sayang udah habis powernya"
34,@user-ts5il3cb6z,Sebenarnya pukulan JN lebih mengena dan terarah.dr awal .ada satu ronde yg draw
35,@blackrider4615,"Bagi mata yang tidak terlatih, akan terlihat seolah-olah seorang petinju melakukan banyak pukulan, padahal sebagian besar pukulannya diblok atau tidak mendarat dengan rata.Â Seorang juri perlu mencari pukulan keras yang mendarat dengan bersih dan itu yang terjadi. .pukulan EL banyak yang mendarat telak dan bersih bukan spt JN yg nyerempet doangğŸ˜‚"
36,@user-ti7tt8bj3m,LucunyağŸ˜‚ğŸ˜‚ğŸ˜‚
37,@axlrae,"NEXT FIGHT 
EL RUMI VS AZKA ğŸ‘"
38,@pungkaswahyunto34,Harusnya yangvmenang jefri nikol
39,@Aka_Achmad,Hahahah..El rumi keok..wasit nya payah .buta
40,@taubatchannel1525,Seharusnya pelindung kepala dibuat lebih tebal lagi..dari bata ringan misalnya
41,@ludiayopijuniawan1702,Sangat jelas sekaliğŸ˜…ğŸ˜…ğŸ˜…
42,@imutmainah8084,kayak emosi gitu si jerfriğŸ¤£
43,@user-cn8vi5hi7u,Jlas bgt el kalah hakim g adil
44,@PERKONGSIANVIDEOONLINE,jn nafsu banget
45,@user-bx5cz6vy4h,Sengaja kalik kalah jefry
46,@user-tm6ir8wy4d,Dominan tarungan D bang jefri.. eh trnyata malah k balik yg menang el..hadeh
47,@user-wf1jj1jy4f,tinju gk jelas
48,@daffaputranto,"Jefri ngandelin hook
El rumi ngandelin jab and straight
Gw akuin hook itu bikin nguras tenaga. Jarang bgt jefri ngelakuin jab and straight harusnya dia kaya el. Makanya terkuras abis staminanya jefri. Goodjob el rumi dan jefri mantap"
49,@teguhriyadi-rq6lo,Pdhl bgus jefri mainy.tpi mlh mnang el . aneh
50,@WarnerBrosAceh-ie4lf,2 idiot sudah bertarungğŸ˜‚ğŸ˜‚
51,@romualdusjefri9639,Lemah banget mreka dua ni....memang klo kami org timur beda yah...kami lebih kuat dari mreka
52,@Pengaranghandal5521,"Masalahnya strategi sih. Jeff nargetin round awal tp perjanjiann make pelindung kpl, lawanya El bukan haters yg gapunya basic boxing. El disiplinnya konsisten dan Jeff terlalu ambisi buat Tko"
53,@user-gg3uq6xl7w,Wasit nyaa ajng
54,@zahrakirana2933,Hahahaha habis nafas petinju sempoyongan
55,@anakitiktokwi2939,Tinju yg lucu ğŸ˜‚ğŸ˜‚ğŸ˜‚ğŸ˜‚
56,@anakitiktokwi2939,Jeffri itu kayak mau membunuh elğŸ˜‚ğŸ˜‚ğŸ˜‚ğŸ˜‚makanya pukulannya ganas ganasğŸ˜‚ğŸ˜‚ğŸ˜‚.. Dia sesuainya jd Street fighter ajağŸ˜‚ğŸ˜‚ğŸ˜‚ğŸ˜‚
57,@dedemark1736,Aku blm hbs ntn .baru 1 ronde ja. Ku lihat gesit jefrry.. tpi lanjut dulu.ğŸ˜‚ğŸ˜Š
58,@rogerstanley3005,Juri nya dibayar berapa sm si botak?ğŸ¤”
59,@ujangtea5890,laki banget dh rumi
60,@nawirmunawir486,Pukulanya mirip emak2.lg hamilğŸ˜‚
61,@moroberkah5310,"Terlalu ingin menjatuhkan elrumi,, tapi pukulan jadi ga terarah.. main kyk gitu round 3 biasanya  sdh ngos2an.. round 4 smpe akhir milik elrumi"
62,@tandanielwijaya3047,Curang menurut saya jefri lebih banyak memukul telak... Ga masuk akal ini permainan
63,@hendrasuwandra991,seru Bos
64,@user-tp4oz6yo5e,Ah curang seharusnya Jefri menang
65,@dianalimardi88,Bagus lah. Biar si JN jangan sok jago mulu. JN dorong2 mulu. Berharap si El jatoh n mentalnya jatoh. Padahal bukan krn dipukul tp krn didorong.
66,@jajangsuriadin960,Padahal masih muda napas nya ampun cuman 4 rondeğŸ¤£ bayangin kalo d pukul Ryan GarciağŸ¤£
67,@holigoodslazada4338,UANG BERBICARA
68,@medailyshorts,ğŸ˜‚
69,@halfway7241,"Oh tinju ya, kirain balap motor pake helmğŸ˜…"
70,@epinluneto,"Jefri Nichols vs Randi Pangalila figth MMA?? 
mnding gak usah, kasih Jefri nya nnti, dijadiin samsakğŸ˜"
71,@user-og5hn5rl5h,Pukulan jauh bnyk jefri  tapi pukulnya banyk ke badan dan kena angin
72,@rezapramanaputra5652,El kaburÂ².an mulu ğŸ˜…
73,@lestarijaya1962,Komentatornya qemihak el rumi
74,@Sunsun-pg6qj,"Konten. Orang bodoh saja yang se7 dengan kemenangan itu. Jelas2 nikol yang lebih banyak masuk pukulan nya. 

Jangan di tonton lagi acara seperti ini"
75,@iwayansumarsana6988,Klo saya lihat jefri lah the winner...krn byk pukulan jab nya masuk....wahhhh da pa nich...
76,@ferriiswanto1069,"Kok bisa gitu ya, yg dibantai siapa yg menang siapa."
77,@3GChannel828,"Mau kalah mau menang
Mereka itu gentle"
78,@novianasari621,"untuk energi dan stamina gw pro ke jefri, untuk pertahanan memang el lbh bisa mengontrol pertahanan nya, pukulan el lbh sering kena mungkin krna tangannya lebih panjang nggak siğŸ˜… gw ğŸ˜…kurang paham olahraga ini"
79,@user-cl3pt4zb8i,Apan.y jelas jelas poin di tangan jefri nikol. Masa yg menang al. Poin mutlak buat jefri.nokol bos.
80,@singgihw9900,"Bgusan el rumu , rapih"
81,@jhozemadrid4444,"Juri apaan?? Ronde 1-3 jefri unggul, ronde 4 el rumi emang unggul sih tapi menit 7:42 el jatuh bukan kepleset itu pukulan dan kuda2nya yg gk kuat.. ga jelas jurinya gw nntn 3x dari 2 sisi, dari sudut pandang el sama jefri, harusnya jefri win no debat!"
82,@petualang90tv94,El irit tenaga di awal ronde.
83,@agussatria2235,Main sogok dong
84,@pampam-tu8hj,Di pertandingan ini inyong idolaku yg menang ....
85,@hakimyangadil5768,"Ngk JELAS CapekÂ² Bertanding aja kalau Juri Indonesian bisa d sogok, sungguh Membangonkan Para Petaruh aja Kalau begitu ğŸ˜‚ğŸ˜‚ğŸ˜‚"
86,@laksonoroy5109,"Pesona Ahmad dhani  dipecah diturunkan ke ketiga anaknya : 
Al : flamboyan
El : fighter 
Dul : seniman/musik"
87,@jumrianimuntaha5479,"Yg menang poin masuk UGD.
Lah yg kalah poin masuk Rumah makan..
Busettttt dahğŸ˜…ğŸ˜…ğŸ˜‚ğŸ˜‚ğŸ˜‚"
88,@mahyudiyudi8082,Jefri vs duit
89,@suspect6421,"Ini baru keren, gimana kalau lawan celos wkwkwkwk"
90,@SifaluMakruf-nw1wq,Coba lawan alghazali
91,@anisawicaksono5994,Apakah ini setingan..ğŸ˜‚ğŸ˜‚ğŸ˜‚
92,@ramdhanirama9951,Lu punya uang lu punya kuasağŸ˜‚bapak nya menghalalkan segala cara untuk kemenangan anak nyağŸ˜Š
93,@ramdhanirama9951,Kalo ga pakek pelindung seru ini
94,@oblank3535,"Wah nnti pasti ical turun nih tanding sama adenya el
ğŸ˜…"
95,@kawanriot1617,Kaya emak2 berantem ga sih
96,@SyaifBahri,Kelas rongsok
97,@kamdahir390,Lebih seru ini dr pda si vicky vs azka
98,@RadennJery,"Bacot lah jelas2 yang harusnya yang menguasai pertandingan yang harusnya menang, biasa lah sistem indo jagoan slalu kalah sama pihak kedua"
99,@ImanNungkyKautsar,"Kayak McGregor vs Diaz di UFC. McGregor yang hobi taunting dan ngeles ngabisin energi lawannya, sama Diaz yang gak terlalu bisa taunting, body dan tenaga lebih gede, yang penting bisa gebukin lawannya. ğŸ˜‚"
100,@rustamasa4377,"Menang poin dr wasid doank sih.
Dan faktanya sekarang El_Rumi malah tepar. Padahal lebih tinggi lebih panjang pula."
101,@abdulfatah8579,Jefri terlalu emosi jadi pukulannya banyak yg kosong sedangkan el tekniknya pinter Ã°Å¸â€˜ÂÃ°Å¸ÂÂ½
102,@aboy937,Tambah 1 ronde... Auto Pingsan dua duanyaÃ°Å¸Ëœâ€šÃ°Å¸Ëœâ€šÃ°Å¸Ëœâ€šÃ°Å¸Ëœâ€š
103,@Aka_Achmad,Hahahah..El rumi keok..wasit nya payah .buta
104,@alfaizkhairunnisa8861,Komen nya pada serius amat Ã°Å¸Ëœâ€šÃ°Å¸Ëœâ€š.itu Udh di atur sblm bertarung siapa yg menang siapa yg kalah Ã°Å¸Ëœâ€šÃ°Å¸Ëœâ€š
105,@aliali-dz2cy,Gak spotif ni wasitnya sekalipun El Rumi menang seharusnya Poinnya gak selisi 2   Mnurut gw hanya hakim 1 yg memberikan penilaian yg sportif
106,@anakitiktokwi2939,Jeffri itu kayak mau membunuh elÃ°Å¸Ëœâ€šÃ°Å¸Ëœâ€šÃ°Å¸Ëœâ€šÃ°Å¸Ëœâ€šmakanya pukulannya ganas ganasÃ°Å¸Ëœâ€šÃ°Å¸Ëœâ€šÃ°Å¸Ëœâ€š.. Dia sesuainya jd Street fighter ajaÃ°Å¸Ëœâ€šÃ°Å¸Ëœâ€šÃ°Å¸Ëœâ€šÃ°Å¸Ëœâ€š
107,@anakitiktokwi2939,Tinju yg lucu Ã°Å¸Ëœâ€šÃ°Å¸Ëœâ€šÃ°Å¸Ëœâ€šÃ°Å¸Ëœâ€š
108,@aprixaurora3360,lucu disogok berapa para jurinya shg bs menang
109,@ardiansyah-3268,Babak terakhir sama2 letoy seharusnya draw
110,@asrulaslami1438,Norak skali cara tinju ini
111,@avengersassemble462,KkajeÃ°Å¸â€”Â¿Ã°Å¸â€”Â¿
112,@axlrae,NEXT FIGHT  EL RUMI VS AZKA Ã°Å¸â€˜Â
113,@bayuanggara7213,Sebenarnya Jefri Bagus Powernya Dan Staminanya Lebih Tahan Hanya Terlihat Ada Sedikit Keraguan. El Rumi Bagus Jga Hanya Cepat Lowbat Ã°Å¸Ëœâ€¦ Tpi Tepatnya Kuat Dan Pandai Mengimbangi Bertahan Sambil Mengisi Stamina. Menurutku Bagitu Sih. Tpi 22 Nya Baik.
114,@bilabongbungas2035,Spertinyaa el cerdas memakai tekhnik
115,@bilabongbungas2035,Wow ptarungann yg luar biasa
116,@blackrider4615,Bagi mata yang tidak terlatih akan terlihat seolah-olah seorang petinju melakukan banyak pukulan padahal sebagian besar pukulannya diblok atau tidak mendarat dengan rata.Ã‚Â Seorang juri perlu mencari pukulan keras yang mendarat dengan bersih dan itu yang terjadi. .pukulan EL banyak yang mendarat telak dan bersih bukan spt JN yg nyerempet doangÃ°Å¸Ëœâ€š
117,@channelcampur202,Baru komen untung pake pelindung kepalacoba klo gaJN bisa ngeTKO El... menurutQ sih
118,@daffaputranto,Jefri ngandelin hook El rumi ngandelin jab and straight Gw akuin hook itu bikin nguras tenaga. Jarang bgt jefri ngelakuin jab and straight harusnya dia kaya el. Makanya terkuras abis staminanya jefri. Goodjob el rumi dan jefri mantap
119,@danofficial2452,Ngos ngosanÃ°Å¸Ëœâ€šÃ°Å¸Ëœâ€šÃ°Å¸Ëœâ€š
120,@darulhafizhin8788,Ikut terhibut.. Baru sekarang lihat pertandingannya..   El labih banyak kena sasaran pukulannya di banding jefri.. Pantas kalau el menang..   Penilaian saya sebagai penonton juri nya sudah Objektif dalam menilai..
121,@dedemark1736,Aku blm hbs ntn .baru 1 ronde ja. Ku lihat gesit jefrry.. tpi lanjut dulu.Ã°Å¸Ëœâ€šÃ°Å¸ËœÅ 
122,@dedyistta9930,Klo lihat di google tingginya gk jauh beda. Klo disini kontras banget perbedaannya
123,@dewapermana2198,Jefri mantap gesit
124,@dianalimardi88,Bagus lah. Biar si JN jangan sok jago mulu. JN dorong2 mulu. Berharap si El jatoh n mentalnya jatoh. Padahal bukan krn dipukul tp krn didorong.
125,@epinluneto,Jefri Nichols vs Randi Pangalila figth MMA??  mnding gak usah kasih Jefri nya nnti dijadiin samsakÃ°Å¸ËœÂ
126,@fianaferdiansyah343,Tanding ulangpasti Jao si elÃ°Å¸Ëœâ€š
127,@halfway7241,Oh tinju ya kirain balap motor pake helmÃ°Å¸Ëœâ€¦
128,@HendraHendra-st7lr,KLO ga ada pelindung kepala.. El Rumi udah pasti tumbang di awal
129,@hendrasuwandra991,seru Bos
130,@holigoodslazada4338,UANG BERBICARA
131,@ihsannusantara,Kemenanga halu..saya ikutin semua ronde tak satu rondepun dimenangkan oleh El Rumi..
132,@imutmainah8084,kayak emosi gitu si jerfriÃ°Å¸Â¤Â£
133,@indriSaman,ronde 1: jefri ronde 2: draw ronde 3: el ronde 4: el
134,@ipromotion1686,Kl mau jujur kemenangan harusnya Jefry. Penilaian tinju bukan berdasarkan pukulan masuk tapi ronde. Kl lawan jatuh otomatis poin 10:8 buat yg Mukul. Kl tdk Ada jatuh 9:8.  Setidaknya Ada 2 ronde dimenangkan Jefry 1 ronde draw 1 ronde dimenangkan el rumi. Otomatis poin   35:34 untuk kemenangan Jefry.
135,@isarmadina5142,nampak sekali kecurangan xa tahii
136,@iwansaputra9731,Pukukan el bnyak masuk .. jefri mengandalakan kekuatan tapi sering miss sehingga stamina cepat terkuras tapi salut buat jefri awal naik sudah mantap  salut juga buat el peningkatan yg bagus ..hasil fair mnurut saya sih ..top buat ke dua nya ..Ã°Å¸â€˜ÂÃ°Å¸â€˜ÂÃ°Å¸â€˜Â
137,@jajangsuriadin960,Padahal masih muda napas nya ampun cuman 4 rondeÃ°Å¸Â¤Â£ bayangin kalo d pukul Ryan GarciaÃ°Å¸Â¤Â£
138,@jhokowayfake,Dua duanya pake jurus mabuk?
139,@kalibatamantab8092,Jepri berantem elah doi mah cuma bisa skidipapap sama bokisin cabe cabean !!
140,@kanisius3819,Jefri Ã°Å¸â€˜ÂÃ°Å¸â€˜ÂÃ°Å¸â€˜ÂÃ°Å¸â€˜ÂÃ°Å¸â€˜ÂÃ°Å¸â€˜Â
141,@lakhsinsalim298,WKW
142,@lestarijaya1962,Komentatornya qemihak el rumi
143,@ludiayopijuniawan1702,Sangat jelas sekaliÃ°Å¸Ëœâ€¦Ã°Å¸Ëœâ€¦Ã°Å¸Ëœâ€¦
144,@m27cndy20,Jefri sepertinya lebih memukul dech
145,@medailyshorts,Ã°Å¸Ëœâ€š
146,@Moh.faizal,Ronde 4 jefri nocole babak belur dihajar
147,@moroberkah5310,Terlalu ingin menjatuhkan elrumi tapi pukulan jadi ga terarah.. main kyk gitu round 3 biasanya  sdh ngos2an.. round 4 smpe akhir milik elrumi
148,@mtaqiyuddin4910,Hahah penilain konyol
149,@nawirmunawir486,Pukulanya mirip emak2.lg hamilÃ°Å¸Ëœâ€š
150,@Pengaranghandal5521,Masalahnya strategi sih. Jeff nargetin round awal tp perjanjiann make pelindung kpl lawanya El bukan haters yg gapunya basic boxing. El disiplinnya konsisten dan Jeff terlalu ambisi buat Tko
151,@PERKONGSIANVIDEOONLINE,jn nafsu banget
152,@prihandrexsonprihan3812,Itu Karna pukulan Tersungkur wah ga benar wasit
153,@pungkaswahyunto34,Harusnya yangvmenang jefri nikol
154,@RDMCREATOR,Bukan soal power stamina juga harus dipikirkan daripada harus buang buang tenaga lebih cepat.. keduanya sudah bagus strategi El menang power Jefri menang napas terakhir pertandingan keliatan sapa yang lebih engap..
155,@redmisdua4650,Mending kalian buat seri daripada menang untuk org yg gak bisa mukul. Dari sorakan penonton aja udah nampak kekecewaan banyak org karna keputusan juri.
156,@rezapramanaputra5652,El kaburÃ‚Â².an mulu Ã°Å¸Ëœâ€¦
157,@rianpribadi8598,Apa sy yg salah lihat waktu nya Masi ada 15menit ko udh selesai
158,@RizkiOnly18-kp3vr,Nafas Rokok wkwkwk
159,@robeerobee3798,Yg lebih kena banyak pukulan malah dia yg menang wkwkwkwwk anehÃ°Å¸Ëœâ€¦Ã°Å¸Ëœâ€¦
160,@rogerstanley3005,Juri nya dibayar berapa sm si botak?Ã°Å¸Â¤â€
161,@romualdusjefri9639,Lemah banget mreka dua ni....memang klo kami org timur beda yah...kami lebih kuat dari mreka
162,@saldydopa1353,Bener sih yang menang El soalnya power Jefri udah allin diawal rounde 3-4 El banyak masuk point' dironde 2 itungangan imbang rounde 1 Jefri bagus tapi sayang udah habis powernya
163,@sampurna26purna-sl3ks,Jeffri seharusnya menang banyak anggota dari El jadi disuap
164,@savanian,Lucu lucuan anak gedongan....
165,@semutireng8332,Jefri power dan pukulan good tapi jarang in dan buang2 tenaga El teknik pukulan masih gaya tarung bebas dan kurang power tapi sering hit masuk dan kebantj badannya yg gede Harus diperbaiki teknik pukulannya kalau tekniknya baik yakin sih jefri bisa di TKO el... Gimanaoun dalam bela diri postur berat pengaruhnya gede Btw si jefri biar intropeksi jangan kebanyakan gaya sok nantangin orang2 gk terlatih giliran ketemu lawannya mewek dipojokan ini baru el si anak mama Bayangin musuhnya rendy panggalila atau level atlit beneran macam crisjohn dkk jadi ayam geprek si nicole
166,@smsun1030,Pantesan artur beterbiev di juluki monsterÃ°Å¸Ëœâ€šÃ¢ÂÂ¤
167,@subscribebos,Strategi el rumi bagus simpen tenaga di akhir ronde nichole tabrakk terusss  yg akhirnya habis tenaga di akhir ronde babak 3 dan 4 banyak yg ngelose punch nya Ã°Å¸Å½â€°Ã°Å¸Å½â€°Ã°Å¸Å½â€°
168,@Sunsun-pg6qj,Konten. Orang bodoh saja yang se7 dengan kemenangan itu. Jelas2 nikol yang lebih banyak masuk pukulan nya.   Jangan di tonton lagi acara seperti ini
169,@tancispandiangan1746,Agak lainnm
170,@tandanielwijaya3047,Curang menurut saya jefri lebih banyak memukul telak... Ga masuk akal ini permainan
171,@taubatchannel1525,Seharusnya pelindung kepala dibuat lebih tebal lagi..dari bata ringan misalnya
172,@teguhriyadi-rq6lo,Pdhl bgus jefri mainy.tpi mlh mnang el . aneh
173,@tonyliong9518,Andaikan kalian berdua lawan Floyd Mayweather apa yang terjadi
174,@tonymlong1081,ego yang tinggi ternyata akan terjerumus kekalahanresiko jefri sebenernyA udh bisa ko tetapi elrumi udh terllu lelah ketika jefri goyang dn menunuduk di menit terakhir kalo el rumi bisa memanfaatkan moment ituko sudah
175,@TutiRahmadaniBoruPurba-ut3nr,Mencengangkan. Bingung saya. Aneeeehhh..Ã°Å¸Ëœâ€šÃ°Å¸Ëœâ€šÃ°Å¸Ëœâ€šÃ°Å¸Ëœâ€šÃ°Å¸Ëœâ€š
176,@ujangtea5890,laki banget dh rumi
177,@umaralpharidi5030,Jadwalkan Juga sparing artis Wanita ...  Nikita Mirzani Vs Dewi persik ..
178,@user-bl9ig2rn5k,Acara bagus ini...terbaru bikin musim nichÃ°Å¸ËœÅ 
179,@user-bo2oc7wc9o,Adu tinju pake pelindung kepalaÃ°Å¸Ëœâ€š lebih asik by one di lapangan belakang sekolah... BebasÃ°Å¸Ëœâ€š
180,@user-bo5rq4uj2x,Jefry menang banyak di ronde 1 dan 2
181,@user-bx5cz6vy4h,Sengaja kalik kalah jefry
182,@user-cn8vi5hi7u,Jlas bgt el kalah hakim g adil
183,@user-cv7qm7ld8m,Lawan rodtang aja biar seru wkwkwk
184,@user-ds3yd2dw9d,Saran saya.... Para artis ini klo mau tunjukin kekuatan nya.. ikuti aja pencak dor. Lebih keliatan skilnya
185,@user-gg3uq6xl7w,Wasit nyaa ajng
186,@user-og5hn5rl5h,Pukulan jauh bnyk jefri  tapi pukulnya banyk ke badan dan kena angin
187,@user-ti7tt8bj3m,LucunyaÃ°Å¸Ëœâ€šÃ°Å¸Ëœâ€šÃ°Å¸Ëœâ€š
188,@user-tm6ir8wy4d,Dominan tarungan D bang jefri.. eh trnyata malah k balik yg menang el..hadeh
189,@user-tp4oz6yo5e,Ah curang seharusnya Jefri menang
190,@user-ts5il3cb6z,Sebenarnya pukulan JN lebih mengena dan terarah.dr awal .ada satu ronde yg draw
191,@user-wf1jj1jy4f,tinju gk jelas
192,@user-xc9xj4ki2y,Ko bisa el menang Ã°Å¸Ëœâ€¦Ã°Å¸Ëœâ€¦
193,@user-xo4rb2lh6x,Kocak Ã°Å¸Ëœâ€¦Ã°Å¸Ëœâ€¦Ã°Å¸Ëœâ€¦Ã°Å¸Ëœâ€¦
194,@usmandoni6272,Pukulannya Jefri power bgt
195,@utramenribut123,Pertandingan yang penuh dengan sogokan
196,@victorandodachi5918,Namanya jg indonesia pdhl yg banyak pukulan itu jefri ke el. Sabar ya jefri.  Hi kenalin dong sy victorando sy ingin melawan el itu. Blh dong ekspose sy kesana. Bantu ya yg bisa dukung sy.
197,@WarnerBrosAceh-ie4lf,2 idiot sudah bertarungÃ°Å¸Ëœâ€šÃ°Å¸Ëœâ€š
198,@zahrakirana2933,Hahahaha habis nafas petinju sempoyongan
199,@zavierisatanick,tehnik menang jefri penguasaan panggung jefri.cuma kurang power dan menyerang
200,@zunaidin,Wasit tolol pecundang curangjelas jelas pukulan jefri banyak masuk..malah el yang banyak pointÃ°Å¸Ëœâ€šÃ°Å¸Ëœâ€šÃ°Å¸Ëœâ€¦indonesia tolol
201,@komenmania,"Diliat dr pertandingannya jefri nikol sering lakuin pelanggaran mungkin itu pengurangan poin di ronde 1 dan 2, sedangkan di ronde ke 3 dan 4 elrumi dominasi"
202,@user-zo5wv9xu7t,"ğŸ˜…ğŸ˜‚ COBA BUKA MATA LEBAR-LEBAR, PLOTOTIN, KALO PERLU DI LOW SPEED, LIAT DARI AWAL HINGGA AKHIR, DI ROUND 1 & 2 EMANG SI NICOL LEBIH DOMINAN (BANYAK NYERANH) TPI BANYAK NYERANG BUKAN BERARTI SEMUA SERANGANNYA MASUK.?! INI HARUS PENONTON DAN FANS PAHAMI, DARI BANYAK SERANGAN NICOL 70% ITU GAK MASUK GANTUNG, KADANG CUMA SEPERTI NYEREMPET DIKIT DOANG, KADANG KE BLOCK SAMA TANGAN DLL SEMENTARA SERANGAN EL RUMI WALAUPUN POWERNYA KECIL TAPI MASUK TERUS, INI KARENA JANGKAUAN SERANGANYA LUAS (FAKTOR FISIK YG TINGGI & PANJANGNYA TANGAN).

DI RONDE 3 & 4 EL RUMI MENDOMINASI BANYAK SERANGAN YG MASUK TELAK KE NICOL..

DARI SITU AJA KITA UDAH BISA KASIH SKOR"
203,@mushlee7816,Tinjunya aj grasa grusu gk jlas sma aja kya fansnya grasa grusu..wkwkwk
204,@user-up3bs7fs8h,"Penonton asal nonton aja,lu pikir tinju asal pukul2 aja,KLU dliat pukulan nya Dri ronde 1 ronde 2 emang gk trima Nichol kalah,ronde 3 ronde 4 perhatikan pukulan el lebih banyak masuk gk bnyak melanggar"
205,@hfbsecret6641,"Jefri aja mngakuai kekalahannya kok banyak yg berspekulasi kalau jefri yg menang,ğŸ˜‚"
206,@rezawishingboy92,"Jelas jefri yg menang lah, aneh"
207,@user-un5ww8mw6u,Pukulan jefri banyak tidak kena. Sedangkan ronde 3 dan 4 jefri udah lemas.
208,@sunartoNarto-de8cx,Semmuannya juga tauu untuk power lbih kuat jefri
209,@sunartoNarto-de8cx,"Tp disiitu malaah jefri bnyak yg nantangin boxing haarusnya el yg menang kann yg ditantang,brrti dissiitu semuaannya meelihaat power jefri lebih kuatt drpada el"
210,@user-mu2ei4ts1h,"Yang ngomongin duit di atas segalanya??
Udah udah weh santai aja ğŸ˜‚ğŸ˜‚
Gua kemarin punya duit banyak terus dipake buat judi online aih akhirnya gua kalah ğŸ™„ğŸ™„ tau gak yang gua salahin itu siapa???
Si zeus broo ğŸ¤£ğŸ¤£ğŸ¤£
El rumi mantap men ğŸ‘ğŸ‘ğŸ‘"
211,@babon5873,next el rumi vs paris hehe
212,@fudinamah2296,"Coba aja kalo tidak pake pelindung kepala, el udah tumbng di ronde 1."
213,@SruntulersCS,https://youtube.com/@SruntulersCS?si=OJdotD7i1HJSBQCR
214,@merah8003,"Abidzar vs Al Ghazali
#abidzar #alghazali
KASIH PAHAM AL..!!!"
215,@endasdasuki1548,Liat lg aja video nya bos
216,@BudiYanto-hz8jx,Jelas gak adil
217,@arditaputra2153,"Ya  bener pak ahmad dani sih..
Kalo di terusin bisa TKO tuh... Anak nyağŸ˜…ğŸ˜‚"
218,@user-cu5tr2yt2v,Jurine ntok amplop kokğŸ¤­
219,@MaulanaAlparizi-cq3oq,Ulang lagi jgn pake pelindung muka
220,@gilangwahyugumelar2115,Voice offer lu nyebelin AKWAOKWAOKWWOAK
221,@arihendarisman3101,"""org buta juga tau"" kebetulan temen gue maaf tunanetra, terus gue tanya, dia jawab ""gak tau"""
222,@idatrimawati8821,"Jefri nicol mainnya ngawur penuh emosi ,El Rumi mainnya bersih .."
223,@sfamwolowers4640,Dah jelas jelas Jefri itu banyak yg engk kenak pukulannya ğŸ˜‚
224,@datuksyahbandarutama1364,Jelas El pemenangnya
225,@user-pv9li3we8z,Tarung ulang lah. Satu indonesia juga bisa nilay. Kalo itu gak sah. Kalo gua jadi EL ulang si. Biar gak di bilang menang suap
226,@bobhubscher1845,Pukulan El masuk point semua boss Jefri banyak gak masuk point
227,@fajrirahmat9078,Cuma ronde 4 mendominasi bisa menag el.. kwkwkw ngantuk juri nya bg..ğŸ˜‚ğŸ˜‚
228,@ALYASHINTA.,Halah...kalah ya kalah gak usah cari2 alasan
229,@bodaychannel3552,Tuh artis yg komen kaga paham tinju kali yağŸ˜…
230,@user-pb7mp2us2q,Jadi keliatan ni para artis yg protes ke wasit otaknya kosong... Menang tampang tapi T-Lol
231,@tazatazol9469,"Teknik Jefri ambisius kayak mau tawuran aja, juri GK prnh salah udah kalah GK trima lagi"
232,@mr_baros,Juri lupa pakai kacamata jadi el menang poin
233,@alrawi3982,Juri gk objektif
234,@kmszaki2783,Yg bilang curang itu mereka enggak paham tentang tinju
235,@user-jj3ir1ir9o,"Saya tanya orang buta mana yg busa lihat tinju, apalg mngetahui siapa yg menang.
Terima aja keputusan juri."
236,@makinisham1251,"Yg paling masuk akal si cuma ini 5:28, apa lagi liat dindingnya tambah meyakinkan"
237,@faizalmohd2946,Para artis sok tahu pengadilnya yang lagi pakar Jefri Nicol takde gaya main tinju gaya taburan jalanan pelanggaran sebab tu point banyak kena tolak
238,@rajagebok,"Lawan azka baru tuh mantap.
Bisa bonyok si el rumi klo ga maen sabun."
239,@senaart9294,"Gua kata juga apa, beneran kan nikol dicurangi"
240,@TarakanTarakan-ec1kj,"Tau lah sudah kita kan.......gak usah di ungkap....
Cukup kita bully aja....SE indonesia"
241,@imammusafa5824,Iya lah tetep Jefri yg menang...
242,@bagussae633,"kl lum trima kekalahan,demo aja sambil lempar telur ...ğŸ˜…ğŸ˜…ğŸ˜…"
243,@syamsialatas6796,Biasa klw kalah ya gitu
244,@ags_spt5414,Tanding ulang. Tanpa pengaman muka bang...
245,@kontoy-hx5sv,marketing itu makin kontroversi makin cuan artis mah awoakwokw
246,@mhdozil9273,memang Jefri Nicol yg menang telak tapi ada yg curang dari pihak wasit dan juri ğŸ˜‚ wasit bodoh
247,@mhdozil9273,ya namaya anak pasti di bela lah ğŸ˜‚
248,@arifhidayat696,Itulah tinju yg menang bukan yg mendominasi tp yg bisa dpt point pukulan yg masuk
249,@tegarhaykhal05,"Gw setuju ama Abang yg baju merah tuhh, knpe di cut videonyağŸ¤¬ğŸ¤¬ğŸ¤ª"
250,@RizqiBurhanudin-rd1bs,Bang Jefri yang harusnya menang itu soal. Walau bukan wasit juga kelihatan bang Jefri terus mojokin elrumi aneh bener bener2 GK adil
251,@RizqiBurhanudin-rd1bs,Saya setuju. Sama abidzar ada yang GK beres Ama putusan juri
252,@yudhilala8727,"Hanya pecundang sejati yg ga terima dngan kekalahan. . 
 Ngefans kok sama pecundang"
253,@AnjayMabar-vg6un,Seng gelot sopo seng sibuk sopo
254,@saktiawanferi1187,Biasa lah.... Wasit dapet angpau tambahan.... Makanya menang sono
255,@nurhayanihasibuan1362,"Harus ny wasit nya dari pemain tinju pro , bukan kalangan orang2 ngantuk ğŸ˜‚ğŸ˜‚"
256,@andikotarigan4382,Yang kalah menyalahkan yang menang merayakan :â€
257,@user-ue8tn5nx9q,Jurix sudah dikasih makan sma ahmad dani ğŸ˜‚
258,@dirmansu1365,Lawan kkjhe aja bro..lucu ..biasa artis blagu
259,@indahfakih9897,Lucu ya temen2 nya jefryğŸ˜‚ğŸ˜…
260,@suhesuherman7300,Asli nya jefri nicol yg menanh
261,@saefuldkcilacap4099,Betul jefry yg menang.juri temen2 dani
262,@sdn.243.palembangmaskarebe5,Rudi golden sok
263,@wayanknirwana6990,Tanding ulang sya nunggu nonton
264,@Fanta_Axl18,"Ini benar"" gak jelassss"
265,@limggaming8020,Yg protes emng kalah taruhan kayaknya ğŸ˜‚ğŸ˜‚
266,@viewerreal3402,yg bener itu kata rudy golden boy & abidzar
267,@tqbussines8143,Kontent ga bermutu. Kalah ya kalah aja. Dek
268,@bobymashartoyo7046,Kekalahan slalu menyalahkan siapa yg menang..
269,@kg-tx7qd,Abizar ngerti apa lu bocah?
270,@kodriabdallah9424,Memang el rumi lah yg menang
271,@sakazhit9295,"Yealah si botakkkğŸ˜€klo gak pakek pengaman muka,dari awal sudah nyungsep anak lu"
272,@user-qm5vx3xs7r,Jurine compong lihat nya Randa dowang ngga lihat...
273,@afiddedi127,Para teman2 jefri gak terima
274,@afiddedi127,Nggak ada uang masuk kejuri bos ....telusuri aja sekalian bawa kpk...usut kalo ada uang kejuri...kalo nggak ada loe berarti penganut dajjal raja fitnah keji
275,@BUDIYANTOYanto-eb2up,Tinju itu bukan hanya agresif memukul...tapi ada aspek lain yaitu pukulan yang masuk bukan hanya banyak memukul...kalau menurut saya pukulan El Rumi lebih banyak masuk
276,@teddyminato3081,"ku bukan penggemar keduanya .tapi ku sukak tinju dan MMA.stelah ku tonton kek nya yg menang jefri deh.makanya aku terkejut kok yg menang kebalik.pukulan jefri banyak yg masuk dan telak.ah ,bingung lah .mau nya kasi kan juri nya org luar negeri dari juri 1 ,2,3,4 dan juri di lapangan .baru jelas.siapa yg menang"
277,@Themadeaswin,"El rumi masih lebih baik drpda jeffri nicol, pukulan jeffri emang lebih bagus tapi banyakan zonknya, el rumi jab2nya menghasilkan byk point"
278,@tzrff8442,Jelas kalah jefri
279,@bihannakal5038,Setuju sih harusnya jefri yg menang
280,@bulangbiring7589,"Namanya juga negara konoha, jurinya sama aja sama koruptor.... 

ğŸ˜‚ğŸ˜‚ğŸ˜‚"
281,@Allah_is_near,"Haaaahhhh udah... Lah... Mohon maaf kalo ada Aa Raffi mah yang dicari pasti yang prospektif lebih besar untuk jadi juara... Ngerti kan... Maaf ya.. aku pribadi gak benci sama aa Raffi... Tapi nama besar dan semua bisnis nya kayak udah ada yang setting..terasa dia tuh wayang... Gak tahu ya.. jadi ada motor motor penggerak dibelakang nya... Kayak sosok yang sengaja dibesarkan,, kalo di Hollywood kayak lady Gaga.. jujur mohon maaf dari pertandingan jelas Jefri juara nya... Tapi kan panitia ya yang lebih berhak bukan kita... Maaf ğŸ™ğŸ»ğŸ™ğŸ»ğŸ™ğŸ»ğŸ™ğŸ»"
282,@ajirohimin7509,"Udh jelas lah Jefri yg menang bukan El 
Ini sih Jefri di curangi"
283,@rismawancikulak8752,Lawak udah jelas kalah masih ajah koar koar ..siapa tuh yg bilang orang buta jiga tau pemenangnya jeffri ...woy lu bilang ky gtu dama halnya meledek karna dimana2 orang buta gak bisa melihat ...emang kalo lg emosi keliatan bodohnya
284,@Pengaranghandal5521,"Fighternya bukan profesional boxer, acaranya juga. Caster nya tarkam, ngapain juga ngarep pake wasit yg adil. Toh isinya cman influencer, tujuannya cuan bukan yg lain"
285,@thebliq1661,Uang ahmad dani ga main2 bro wkwk.
286,@zunaidin,"Lawak lawak bikin maluğŸ˜‚,jelas pukulan jefrinicol banyak masuk malah kalah pointğŸ˜‚ğŸ˜‚"
287,@Taufikyoiii2,"Udah pasti di curangin karena el rumi anak ahmad dhani dia sudah banyak di kenal oleh masyarakat indonesia, ahmad dhani ngomong ke juri buat menangin el pasti di turutin karena dia terpandang oleh nama besarnya, ingat el rumi backup nya ahmad dhani dan mamahnya bahkan rafi juga mendukung el, kalau jefri nichol siapa yg backup"
288,@dimasadrianto417,klo headguard dilepas..dah k.o dr awal si el...
289,@user-qf6sm5my5b,wasit bayaran kompak ini gk adil
290,@Bryune,Sok tau. Padahal hanya amatir dan tau tarung di jalan aja. Juri lebih tahu bego. Sok sok ann
291,@rulinkgalink8748,Tanding ulang ajah... Biar feerrr....
292,@tarakamandaka9607,Seneng liat para juri amatir menilai dgn kedunguannya sndriğŸ˜…
293,@fajartea8350,Kecewa juga gua liat nyağŸ˜¢
294,@agungheru1000,Jujur saya kecewa  pendukung  El. Tp El  malah tidak mau mengakui k kalahannya. Bang Jefri  maaf   poin mu masuk tp ga d anggap  k cewa sama El
295,@user-uh9lt9wn6f,Ahmat dani tau apa ya tentang tinju ronde 1 dan 2 gk dihitung buat apa capekÂ² di ronde 1 dan 2 kok gak langsung aja ronde 3 biasa itu biasa itu ronde 1 el itu udah ngantuk untung ada tali ring ronde ke 4 udah rubuh sampek wasitnya ngecek keadaan el rumi trus apanya yg biasa elus aja tuh kepala mu biar tambah kinclong
296,@ariantoalda1312,"Knpa el menang karna dari segi pukulan el lebih mengenai ketarget....

Sama gua yuk jefri...ğŸ˜‚ğŸ˜‚ğŸ˜‚"
297,@user-he2je9ho4n,Tanding ulang gasss
298,@ramdhanirama9951,Jefri kuasai pertandingan 2 ronde
299,@SyaifBahri,Tinju kelas rongsokan di bahas
300,@anasnasihin8899,"yang menilai ini gak adil atau maen duit, bisa dipastikan adalah baru nonton tinju, ini bukan soal kekuatan tapi ini berapa pukulan yang masuk, mungkin orang awam ngeliatnya ell pukulannya ngawur gak ada power, tapi kenyataannya meskipun pukulan ell gak ada power tapi itu pukulan bersih dan masuk, enek gua liat artis pada bilang ini maen duit, inget bro lo itu publick figure alangkah baiknya kalo mau memberikan statement cari referensi dulu tentang boxing dan tonton ulang, malah keliatan bego artis artis"
301,@tvandroid,kalian team siapa JEFRI NICHOL atau EL RUMI
302,@bonyrezha6752,"Jefri lh.el brapa kali tumbang tu. itu poin mutlak
Jefri harus ny yg menang"
303,@panjijayasakti5535,"Gak ngerti soh itungan nya gimana.
Tapi menurut gw harusnya jefry sih yg menang."
304,@Exhale938,https://youtube.com/shorts/Ps-sy7Xc-oY?si=qdaGIpP76c4bkCut
305,@WAYMORENO250,"Yg menang merayakan, yg kalah menjelaskan ğŸ—¿
Jefri gg sih tpi el banyakan poin (pukulan masuk).."
306,@user-yf2gj3zs5y,Juara settingan hahahaaa
307,@user-xr5et9qm1b,di selamat kan wasit ketahuan
308,@oniimuhammad2284,Jelas banyak pukulan masuk dari jefri
309,@ardiansoegito9101,Tetep nicol yng menang
310,@oniimuhammad2284,Demi konten biar ada part 2
311,@donrio449,"Klo ga pake headgear El sdh roboh di ronde 2, power Jefri lumayan. Point bersih lbh bnyk El."
312,@nurbarokah4499,Pukulan nikol byak msookk kykkyaa...ysdh juri yg pya putusaannn
313,@ryanferdinand-yp2eu,yah pake pelindung kepla ğŸ˜…
314,@ArmanSteven,Jefry nichol
315,@kurniasaputra4452,Jefri kalah orang dalam wkwk ketawan jelas bnnyak dia yg mukul dan masuk pukulan nyağŸ˜…ğŸ˜… ğŸ˜‚ğŸ˜…
316,@jeppo2416,"Juri apaan tu, NGAKAK ğŸ˜‚"
317,@neorzaman88,Host nya pendukung nikol ga netral ahh ..ga seruğŸ˜…
318,@DekiDarman,"Sebenernya poin menang jefri.. tpi sulit sii yg dilawan jefri anak mama yg tangguh jadi posis orang tua menentukan.
Tpi gw salut sama el"
319,@neorzaman88,Hrsnya lu netral jdi admin ğŸ˜‚
320,@davidwinata2952,Hahah pecundang 2 2nya...kya bocil berantem
321,@qurrhidayat6243,"Ini hanya sportainment... bikin orang penasaran, ada tanding ulang... makin cuan..."
322,@user-gt2os7if6r,Bukan kalah point atau stmina tapi takut imagenya ya tau lah
323,@mister-vq1vt,au au..kek cewe luğŸ˜…
324,@fadhlisaputra4772,"Ini show biz....si penyelenggara pastinya bakalam dapat cuan dengan rematch.   Cuma, penilaiian gw...si nichol lebih menguasai pukulan sih. Harusnya dia yang menang ğŸ‘ğŸ™"
325,@denijanuar4835,Pukulan terakhir jepri ga keitung karena bel udh bunyi duluan
326,@RCYchannel09,kalo ga pake head guard si anak mami juga ud modar itu di ronde 1 dan 2 wkwk pantes aj ga berani kalo ga oake head guard ğŸ˜‚ğŸ˜‚
327,@blackloyality6231,"Kalo di cari point , Jefri menang telak"
328,@dediakbar4270,Remacth pun jefri tetap kalah yakin gw..
329,@idegunners7321,"Dari awal sebelum tanding saya dukung el Rumi..

Dan setelah tanding saya malah dukung Jeffri Nicol..
Walaupun kalah..
Jefri seharusnya layak menang."
330,@damarraharjo9441,"El emang cerdas tau strategi tau menang jangkauan, Jefri mengandalkan power kalau sampai 6 ronde bahaya bisa KO dia duanya"
331,@user-sv2gw8yc4t,Kanya nya bakal adA pertandingan ulang
332,@iscoalonzo1427,EL main cerdas. Selamat ELğŸ‰ğŸ‰ğŸ‰ğŸ‰ğŸ‰
333,@dikamuhammad647,"Jepri petinju apa itu gak jelas gaya nya , liat EL gaya petinju nya jelas  , kaya emak emak ngamuk gak di kasih uang jajan si jepri malu kalah lari ğŸ˜‚ğŸ˜‚ğŸ˜‚"
334,@adihermawan5650,Boleh dicek lagi vidionya....jepri memang banyak melesetnya tapi jepri lebih banyak pukulan masuknya ketimbang el yang pukul sekali-kali lalu jatuh....fix wasit buta....cek lagi vidionya jepri jauh lebih unggul
335,@idegunners7321,"Poin kemenangan ell rumi buat melangkah ke boxing selanjutnya...  dan ell rumi harus menentang yunus, petinju terbaik di indonesia,dunia bahkan dimuka bumi ini.. yunus petinju tiada tanding.. karna memiliki pukulan dan ajian tidur di ring.."
336,@RyanRAOfficial.,Jefri Nichol Vs El Rumi Ful Ada Di Ryan RA Official ğŸ”¥
337,@herlysantoso3737,hehe rumi dilawan
338,@novalwollez9090,Jefri di lawan
339,@user-fk5nz1tp9b,Ini MH accara terkontrol ini MH ğŸ˜‚ğŸ˜‚ seharusnya eefri yg menang malah sitaik yg menang aduh juri berapa disogok Ahmad Dani sihğŸ˜‚ğŸ˜‚
340,@rafiariansyah9840,"Kalo gue jd el mending gue ngaku kalah dari pada menang kaya gitu,, penonton kan gak buta"
341,@morrofficial_,Mau menang siapa aja juga gamasalah wong aku ga dapet apa2 dri merekağŸ˜‚
342,@royputra4673,juri ya di sogok pake nasi bungkus dasar juri taik
343,@djong_javanesia1758,Jefri lain ya kasar gak banyak po in masuk
344,@user-rb1wo1us3n,Tarung bebas coba. Harusnya Jefri yg mng
345,@user-rb1wo1us3n,Tarung bebas coba lah.ktaker doi mah mas jef
346,@ryanyoung5319,Jefry the true winner
347,@agussupriatna5874,"Jelas pasti menang lh si El
Yang JD official Ny atlet semuağŸ˜‚ğŸ˜‚ğŸ˜‚ğŸ˜‚"
348,@user-rb1wo1us3n,Tarung bebas coba lah.ktaker doi mah mas jef
349,@user-rb1wo1us3n,Tarung bebas coba lah.ktaker doi mah mas
350,@marwansyaref8993,"Gua gx dukung sispa2..
Tpi ini gx adil sih"
351,@2more.,el rumi loyo gitu ajg
352,@imamhadi5658,Awokawok kalah nih yeeeğŸ˜‚ğŸ˜‚ğŸ˜‚ğŸ˜‚ğŸ˜‚ğŸ˜‚ğŸ˜‚ğŸ˜‚ğŸ˜‚ğŸ˜‚ğŸ˜‚ğŸ˜‚ğŸ˜‚ğŸ˜‚ğŸ˜‚ğŸ˜‚ğŸ˜‚ğŸ˜‚
353,@user-rb1wo1us3n,Klo uang berbicara lain urusan cs
354,@isehnuryanto5273,"Sudah jelas jefri menang,,,,tpi juri,y ngantuk"
355,@penyutuman1506,Yang kalah menjelaskanğŸ˜‚
356,@Adroid3,UntuK Para FANS JEPRI YANG KOAR2 COBA cari referensi tentang point dalam boxing de ğŸ˜­  DLM BOXING EMANG EL YG MENANG BERDASARKAN POINT ğŸ¥± YA GA TAU KLO DUEL AMPE MOKAD ğŸ¤“
357,@erwinsiregar119,Yang  nantang  menjelaskan  yang  menang  ya  pasti  merayakanğŸ¤£  itu  azab sok  jagoğŸ¤£
358,@ibnuUtomo212,"jujur aku jagoin nikhol karena el bukanlah superman dan dia juga bisa nangis

Tapi tetep Respect buat keduanya.."
359,@hendyadheeva666,"Yg dukung El Rumi ya Ahmad Dhani
Yg dukung Jefri kaum pelangi
Ya jelas kalah lah Jefri"
360,@UdinFatih-po2zn,"ini tinju bukan adu jotos jalanan, jadi d nilai point bukan mana yang kuat.respek god job el"
361,@edogurinyoy9289,Sebenerny JN tuh bisa menang klo saja JN bisa lebih sabar dan tidak nafsu saat meyerang..
362,@ibenx282,"Ngadu ayam di tangkapâŒ
Ngadu orang di bebaskanâœ…
Yang penting cuannnnnnn"
363,@pok4448,Dia nak ikut cellos punya cala main oo all in match peltama
364,@ekocahyanto6465,Ini sih sengaja dibuat menang el rumi biar ada tanding ulang sponsor nambah ğŸ˜‚
365,@AjiParekesit24,"Kebanyakan meluk jefri, kalau kaga bisa lebih ganas el rumi, teliti dan baca aturan, agar kaga gagal paham untuk poin oleh juri, el erumi top dan layak juara."
366,@SepuLoh-rc4wg,"JN pukulanya memang keras tp jarang yg kena, lebih banyak pukulanya EL yg masuk sih..."
367,@bagusepay8416,wasit nya ngantuk blm ngopiii kocak
368,@uwaiszaydhan9618,Lawan paris coba
369,@Rifqy-dx7xb,Jepri dongkol wkwkwkwkğŸ’©ğŸ’©ğŸ’©ğŸ’©
370,@IsmailSaputra-dg3me,"Jelas bro ini memang El yang menang,Lo semua kalau pemain epep main epep jangan lihat tinju"
371,@MBSprintLovers,Kocak.......... semuanya tentang duit ini mahh
372,@maulanaabdulmajid5158,andai gak pake pelindung si El bakal kalah bro
373,@shollikhulnaim7130,Kebanyakan ngerangkul wkwkw
374,@dwisamuri5600,"Harusnya modelan gini da ga usah pake pelindung kepala, toh da sama2 masuknya semi pro udah"
375,@mhhawali3148,"Bayangkan wide hook ke lawan yang reach lebih jauh ğŸ˜…. El rumi pantas menang, sering dodge, walau keliatannya jadi mundur terus, tapi membuat jepri terlalu banyak membuang poin. Asal mukul lawan petinju yang jelas jaga jarak, ya kena angin dong bos. Jatoh karena slip, apalagi hasil kena dorong enggak bakal jadi pengurangan poin. Malah yang dorong kena warning, that's a foul bruh ğŸ˜Š"
376,@ahmataryanto3655,El cuman manang di round terakhir njir
377,@epiccomeback2479,"Alhamdulillah berkat doa mami ngab El Rumi win, aamiin  !!!"
378,@smsoundsystem2047,Lucu si ko malah kebalik yang menangnya ğŸ˜‚
379,@alive1838,Hakim eekğŸ˜‚
380,@kalendrasaputra952,Banyak pelanggaran Jefri nichol yang ngurangin poinnya sendiri
381,@noob_1212,Mana yg katanya anak jalananğŸ˜‚
382,@adamkosasih7108,Gw senang liat nya kedua nya penuh senyum...sama smaa puas...
383,@aidessaigepty4113,Terbukti indonesia kekurangan orang yang jujur ğŸ¤­ğŸ¤«ğŸ¤«
384,@dedy8248,Petinju dungu vs petinju cerdas ğŸ¤£ğŸ¤£ğŸ¤£
385,@hanyaseorangnetizen6147,"Si nikol terlalu ambisi menggebu2..el pake teknik,bisa tahan,,ronde2 terakhir ketika nikol habis tenaga el ngambil celah dstu."
386,@muksonimulyani8670,Harusnya el kalah ifu bosğŸ˜Š
387,@user-tn4eb8ld6r,"El Rumi jauh lebih cerdas, bisa mengendalikan hawa nafsunya."
388,@dinikhairunisa4397,Sekilit tau gak alias curang
389,@wongalidcover88,"Andai ronde ke 4 ada tambahan menit, jatuh tuh jefriğŸ˜…"
390,@yunusnurjaman345,Emosi vs teknik
391,@campurgaming8448,"Pukulan telak jefri lebih banyak tapi kok kalah..
Klo sya lihat ini match seperti mayweather vs pacman"
392,@dikitri-vl2mj,Bandar judi semakin mentereng..
393,@PelangiGame-ok5ii,Wasit nya Curang
394,@AndriYansah-vq5nw,Ini mah kalah ituğŸ’µğŸ’¹ğŸ’µ
395,@sroyersimon8485,Kemarin kalau Jefri tdk terima dan buat gerakan tambahan selesai sudah Jef lu di tonjok kkje ğŸ˜‚
396,@romyscr86adie4,Jefri kalah karna ngedorong...ğŸ˜…
397,@gusinyo07,klo pukul angin dihitung point gue yakin 100% jefri nicol menang
398,@user-ow1gk1pc5k,nikol ada mendorong
399,@user-wl4su1ev1p,Gini ni jadi nya kalo tinju pakai juri stand up komedy
400,@indrakusmanaziz2186,El menghindar muluğŸ˜‚
401,@user-gw7xb8nb5q,"3:25:00
waktu prepare macth"
402,@rahmadsuryaaffandi5362,Dwiki lucu petinju takut kalah akhirnya kayak bocil kepala dipegangğŸ˜‚ğŸ˜‚ğŸ˜‚ğŸ˜‚ğŸ˜‚ğŸ˜‚ğŸ˜‚kan gobloknya minta ampun perutq sampai kram karena lucuğŸ˜‚ğŸ˜‚ğŸ˜‚ğŸ˜‚ğŸ˜‚ğŸ˜‚
403,@raflysofficial842,"Kalau ngk pakai pelindung,elrumi TKO di ronde ke 2"
404,@sunda5094,Jefri harusnya winner....
405,@liasandiana5774,Apaan sih kkje sok pentingğŸ˜‚
406,@ghostsoul176,"Diharapkan menjadi pesepakbola malah jadi petinju, mantapğŸ˜‚"
407,@user-zn4ne5md3m,Wah ayam Raffi Ahmad koğŸ˜…
408,@ulfam2742,Disini terlihat bahwa otak mengalahkan otot. Congrats El Rumi. Btw Jefri Nichol kaga ada tato di badannya ğŸ˜‚ğŸ‘ğŸ‘ğŸ‘
409,@user-pw5io8rv3s,Yg hitung poin rangak
410,@betapoenyabetta1568,"I'm not an expert, correct me if I'm wrong..Buat gw bkn masalah missed punch or how many times u hit the target ( mo lu membabi buta smpe lu sempoyongan, but for me yg jatoh yg kalah 3:51:56 )"
411,@renistafinarti6593,Ayo rematchğŸ‰ğŸ‰ğŸ‰
412,@taitungtatik5154,"sebenernya jefri lbh teger,,pukulan pun mantaf,,cuma kurang strategi,,sedang kan El,,badanya lembek pukulan pun terasa ngambang, tp pinter strategi,,jefri lbh byk bljr strategi pertahanan,,,"
413,@dikaselankker6721,Pukulan nikol kaya baru belajar g terarah
414,@apriliaikaintani97,"Kurang puas, gw berharap jefri ko,,,, paling enggak bonyok lah"
415,@syukurkim3490,Satu orang yg paling caper disitu menurut gua kkje belagak udah artis bgt ğŸ˜‚ğŸ˜‚ğŸ˜‚ğŸ˜‚
416,@AkunDevil,apa kabar sama kkj yg caper ke el??
417,@SaraLeeJasmeen-ci2lo,yg item udh kalah menghindar mulu hrsnya yg menang itu yg samudra eeh mlh drow
418,@JimmyAlesana1000,Kalo dilanjut ronde nya Jefri bakalan kalah dah habis tenaga nya.. walau menang diawal menurut gw
419,@rizqewenk8340,Penasaran abang bertopi  yg teriak2 di kuping el ngomong apa yağŸ¤”
420,@tahubulat5516,KKJ caper najis
421,@nurwanalestariaci-zy8el,"Wkwkwk, el lu ngapain mundur mulu"
422,@abdulchannel5237,"Strategi ring el rumi ok, jeffri terlalu memforsir tenaga diawal, maklum petarung jalanan bukan arenağŸ˜‚ğŸ˜‚ğŸ˜‚"
423,@Aaindraibrahim,https://youtu.be/LZQjAm_ScZU?si=ij65ywc02zafK0kU
424,@JesSastra,Jefri Nichol lebih baik tapi dia terlalu banyak mengeluarkan energi di awal itu kesalahannya
425,@vecolection9282,"GK peduli siapa yg kalah menang, hanya berharap 
El, tembak dong Fujian, jadian dong ma Fuji ğŸ™ğŸ»"
426,@ahmadaidil3641,3:36:58
427,@user-cu2fl7yj3i,"Jefri cocok lah klo buat tarung jalanan,, maen tinju ko kyk preman gaya nonjok nya,, pantes lah kalah maen jelek,, pukulan jga bnyak yg mleset"
428,@user-gz8go8ur5m,"El Rumi pukulannya memang kureng, tapi reflex nya bagus ğŸ˜…"
429,@user-ci4gr7zm5h,Nichol selalu pilihan gue mau menang mau kalah
430,@user-tn1tt8zt8b,memang susah menang kalo sama anak sultan mah ğŸ˜‚ğŸ˜‚
431,@Betawi_lawon,El Rumi sampe bingung kalo dia emang pemenangnya ğŸ˜‚
432,@herikurniawan2543,Kak niki vs DP dong ğŸ˜‚ğŸ˜‚
433,@m359_,"Hah payah lu jefri Nichol mending lo ngocok aja sana, banyak gaya dikit dikit main peluk mau tinju atau mau ngehomok sih anjng"
434,@jmaikeru,"komentatornya kasih panggung lawak aja, heran bgt sepanjang match kok lawaaaak mulu pertandingannya dijorin."
435,@ajifatakhilla-oz4sw,"Lucu kalian maen tinju jgn cuma ngandelin otot sama kekutan,jgn remehkan El Rumi lawak kalian, maen di tinju boxing itu ada 6 hukum,speed,jarak,power,reflek,juga uang yg banyak,dan yg paling berpangaruh,dalam permainan ini,org dalam pastinyağŸ˜‚"
436,@davidvicarneltor346,Kalo kalah jangkauan harusnya main double cover sama counter aja
437,@skyfalxd7818,gigi zahra patah
438,@fas6259,Untung ga nonton live nya
439,@fas6259,Untung ga nonton live nya
440,@AJOYBOY22,KELIATAN BANGET EL MEMANG MENANG
441,@eyfit_ss992,Poin nya tidak sesuai ğŸ˜‚ hakim juri pro ahmad dhani
442,@ugundatar-oy4qx,Coba dong lawan si billar pasti kalah si billar orang lembek gitu nga ada gagahÂ² nya makanya lesty nga ijinin lakinya adu jotos karena lembek letoy
443,@tasyaalfira7902,Gw nonton ulang lagi. Keyaknya ada bagian nichol yg kepotong deh. Pas keluar dari ruangan mau ke ring tinju
444,@chadsshadows,Settingan ni mah keliatan
445,@flyingcockroach7813,ini live apa video?
446,@hallent2969,"dih, 3 ronde jefri menang loh hahahaha"
447,@yanianggraini4129,"3:53:07 masih ada 14 detik tapi udh di bell wkwkwk komentator juga bilang ""10 detik terakhir"" . Sirkus banget"
448,@nickolamard8653,"Byk yg blg Jefri byk mukulnya kok kalah point.,,,

tapi gini ges pukulan Jefri itu terlalu ngÃ¨bo jadi kesanya banyak mukul tp byk yg meleset cm kliatanya nyerang terus tp pointny dikit karena daya tangkis si EL jg bagus ..."
449,@ytespesiji6390,Jangan coba-coba main atau berharap menang di ring khusus satu ini klo duit kalian dikitğŸ˜Š
450,@bengkelsepedaminion9845,Netizen tukang maedo.ğŸ˜‚
451,@bengkelsepedaminion9845,Apaan . Udah jelas jefri nikol pemenang versi saya
452,@smpnegeri2banjaran824,ANEH PERASAAN ZEPRI YANG PANTAS MENAG .....
453,@kelayangkampung2106,tinju di indonesia emng gt susah di ungkapkan
454,@RobyDine-ve6jz,"Jefri mengingat kan .kita sama mike tyson..
Yg ingin bikin ko lawan di ronde 1"
455,@herniagusti9024,JN km jg terbaik.... â¤
456,@syahrirmauluddin1001,Baru 4 ronde gimana pentinju profesional 12 ronde gak kebayang
457,@tistop.2102,Bagi yang belum tau ketika org mengeluarkan power memukul namun tidak kena (hanya memukul angin) itu sangat menguras stamina ketimbang jika mengenai sasaran
458,@user-xe6sw6of7m,Kkje yang paling sibukğŸ˜…ğŸ¤£ğŸ˜‚
459,@fendyrero4120,Wasit itu memberi hitungan bukan membantu bangunkan petinjux. Ini Sangat lucu.. ğŸ˜‚ğŸ˜‚ğŸ˜‚
460,@Riosubanzz,"Hal seperti ini kok sering terjadi ya di indonesia macam ada yg ganjil gtu di liat nya,lebih tepat nya berat sebelahğŸ¤«"
461,@TopikBaelah-vc8gv,Jefry nichol itu seharusnya menang.. soalnya bnyk masuk pukulannya
462,@satriatarkam3818,Asli berat sbelah ni wasit banyak pukulan jefri yang masuk ğŸ‘Š
463,@agussuhandi995,"Gw harap rondenya di banyakin.
Biar ada yg TKO,, setuju'kan guyğŸ˜ŠğŸ˜Š"
464,@agussuhandi995,Remacth dengan ronde dibanyakin siapa yg pingsan
465,@muhammadrivan9583,Kayak setingan tunjuannya lemah
466,@TegarMhm,Loh kok menit menit jeffry keluar gadağŸ˜¢ gw cari tidak adapun ğŸ˜’
467,@andriansyahmutty8054,1:33:19 Petinju ini bisa jadi idola wanita. Tapi untuk bersaing di kelas berat di Asia agak berat. Karena keliatannya dia tipe yang gak tahan pukul alias rahang kaca. Kalau dapat lawan kuat. Gw yakin bakalan tidur dia di atas ring
468,@paparockvrr2095,Harusnya seri ini.
469,@user-vq8yf4pj5n,Telingany El Rumi sakit dari tdi kkjhe teriak di telinganya si El rumi..ğŸ˜…ğŸ˜…
470,@ISRAEL_HORSE_PENISS,Apaansi kaje mepet2 elrumi mulu wkwk. Sampe lagi umumin penilaian siapa yg menang dia malah ganggu ngoceh2 wkwk. Sipaling menggurui bgt sama paris juga gitu menggurui paris latihan buat lawan yunus
471,@ridwansudirman1031,"Sama sama lemah di titik akhir 
Yang satu lemah karena terus memukul dan yang satu lemah karena terus di pukuli ...
El beberapa kali Tumbang sedangkan jef pertahanan tubuh lebih baik."
472,@ridwansudirman1031,Sama2 lemah di titik akhir yg satu karena memukul yg satu karena di pukuli el Sia2 menyimpan stamina karena musuh ga tumbang di menit akhir ... Yg ada ronde awal sampai sebelum ronde akhir di miliki oleh jef apalagi el sempat tumbang beberapa detik.
473,@ZulFS-cq4ik,sejak kecil el rumi sdh diajarin tinju .. beda lah el rumi lebih luwes di atas ring ..
474,@RMA789-jy8mk,"Buat petarung jalanan, Jefri dianggap menang. Tapi, jika sudut pandang sport, El pantas menang. Karena sport itu butuh taktik, bukan grabak grubuk â˜â˜â˜ğ‘ğŒğ€ğŸ•ğŸ–ğŸ—"
475,@RMA789-zf9nt,"ğ‘ğŒğ€ğŸ•ğŸ–ğŸ— Buat petarung jalanan, Jefri dianggap menang. Tapi, jika sudut pandang sport, El pantas menang. Karena sport itu butuh taktik, bukan grabak grubuk"
476,@RMA789_BANJIR.CUAN..,"â˜â˜â˜Kesalahan Jefri ini cuma satu, dia gegabah. Terlalu membabi buta di awal tanpa memikirkan stamina sampai akhir ronde. Pukulannya asal melayang tanpa ada poin yg masuk."
477,@ciamamangresing,"Kesalahan Jefri ini cuma satu, dia gegabah. Terlalu membabi buta di awal tanpa memikirkan stamina sampai akhir ronde. Pukulannya asal melayang tanpa ada poin yg masuk. @ğ‘ğŒğ€ğŸ•ğŸ–ğŸ—"
478,@Yassa---,"El-Rumi menang karena beberapa kali jago menghindar, dengan mundur kebelakang secepat kilat sebelum pukulan Jefri Nichol mendarat. El-Rumi juga jago bermain teknik taunting (mengejek lawan) supaya bikin lawan emosi.  @ğ‘ğŒğ€ğŸ•ğŸ–ğŸ—"
479,@dhittt-,"@ğ‘ğŒğ€ğŸ•ğŸ–ğŸ—
El-Rumi menang karena beberapa kali jago menghindar, dengan mundur kebelakang secepat kilat sebelum pukulan Jefri Nichol mendarat. El-Rumi juga jago bermain teknik taunting (mengejek lawan) supaya bikin lawan emosi. 

Disatu sisi, Jefri Nichol terlalu banyak memukul namun banyak yang miss, walaupun sekali pukulan kena itu bisa kuat berdamage, namun karena ada helm jadi kurang sakit. Selain itu Jefri kelelahan dan mudah terpancing emosi.

Selamat buat El-Rumi dan tetap semangat buat Jefri Nichol ğŸ’ªğŸ”¥"
480,@RMA789_NIH.BESTIE,"â˜â˜â˜Buat petarung jalanan, Jefri dianggap menang. Tapi, jika sudut pandang sport, El pantas menang. Karena sport itu butuh taktik, bukan grabak grubuk"
481,@coyyyous,"Jefri terlalu brutal hingga membuat staminanya habis , sementara El mampu menjaga staminanya, didalam boxing, stamina itu sangat diperlukan @ğ‘ğŒğ€ğŸ•ğŸ–ğŸ—"
482,@naraaa-,"Diluar ekspektasi ternyata Jefri Nichole setamina Habis hingga ronde 4 babak belur ... Pentingnya strategi agar tak terkuras tenaga. El lebih bisa mengontrol stamina. Sebenarnya pukulan lebih kuat Jefri tapi El lebih cerdik. Pantas kalo El yg menang, ternyata kuat saja belum jaminan utk menang. @ğ‘ğŒğ€ğŸ•ğŸ–ğŸ—"
483,@RMA789-jy8mk,"Kesalahan Jefri ini cuma satu, dia gegabah. Terlalu membabi buta di awal tanpa memikirkan stamina sampai akhir ronde. Pukulannya asal melayang tanpa ada poin yg masuk.ğ‘ğŒğ€ğŸ•ğŸ–ğŸ—"
484,@southyeolsel,"Buat petarung jalanan, Jefri dianggap menang. Tapi, jika sudut pandang sport, El pantas menang. Karena sport itu butuh taktik, bukan grabak grubuk @ğ‘ğŒğ€ğŸ•ğŸ–ğŸ—"
485,@epinluneto,"yaelahhhğŸ¤¦â€â™‚ï¸
fikirÂ² aja dlu mau lawan Randi Pangalila, atw mendingan jngan deh kasihan Jefri nya, dibikin samsak nnti"
486,@RMA789-zf9nt,Tatapan Al ke El sehabis ronde ke empat bikin terenyuhğŸ˜¢ dia seperti nahan nangis liat adeknyağŸ˜¢ sweet banget persaudaraan merekaâ¤ğŸ˜«ğ‘ğŒğ€ğŸ•ğŸ–ğŸ—
487,@RMA789.TERBA1KK,"~Kesalahan Jefri ini cuma satu, dia gegabah. Terlalu membabi buta di awal tanpa memikirkan stamina sampai akhir ronde. @ğ‘ğŒğ€ğŸ•ğŸ–ğŸ—"
488,@RMA789.SIGACOR,~TETAPLAH semangat bosku ngontennya! Semoga membantu para viewers untuk semangat terus dalam berkaryaa!!! ğŸ¯ğ‘ğŒğ€ğŸ•ğŸ–ğŸ—
489,@S1TUS.RMA789,~Semangat buat kontennyaa bang aku sangat terhibur saat nonton video abang... Oh iya beneran baguus tuh!! @ğ‘ğŒğ€ğŸ•ğŸ–ğŸ—
490,@MAXW1N-RMA789,â˜~MANTAP BANGET INI BANG. BAGIAN TERHEBAT YANG HARUS KAMU COBA! @ğ‘ğŒğ€ğŸ•ğŸ–ğŸ—
491,@pamanahrasa6439,Kje ngapain ada di ring? Dia gak tanding kan? Ko so sibuk bener dah.. Caper banget perasaan
492,@sahrildompu6112,"Vix ini curang sihhh,,,harusnya Jefri yg menang,,,,"
493,@yunifatresia6389,Yg topi hitam udah bang udaah
494,@Realme12-ik5gj,Ga sesuai harapan hasilnya
495,@user-kv5ts6lz1j,Di luar point yg dilihat..ğŸ¤£ğŸ¤£
496,@ikafitria7251,Jefri tetap di hati.
497,@LisensiafniSimamora-wb4bm,El kalau berani lawan Azka dong
498,@teguhperwiranegara4849,"Inti nya kalah.., yg kalah malah banyak alasan.. toh kedua nya samaÂ² pake headguard. SamaÂ² terbatas

Intinya menang., klo d luar ring beda crita ..hrusnya ngaku kalah terbuka dan tantang ulang d ring."
499,@flankboy7791,"Jefri nichol boleh kalah sama anak mami, tapi satu indonesia ga bisa di bohongi ğŸ‘"
500,@ramdhanirama9951,Kalo si botak lawan Jefri auto bonyok
